id,pollution_value
0,8.866497134389995
1,30.76358401289437
2,12.225982096049536
3,11.711607935917815
4,11.227170443329634
5,11.31328583529377
6,11.52247899748111
7,12.04276044396309
8,13.33992464819174
9,22.906211146833797
10,12.5391788189503
11,22.863655872608263
12,23.02853248463174
13,12.918504147146201
14,9.898743927423734
15,10.728372835817108
16,8.431738635706914
17,29.28934695963488
18,10.515355919994072
19,22.793111146833795
20,24.840688582938572
21,22.682111146833797
22,21.252749319550603
23,22.680362039274932
24,8.727531779389993
25,11.824466386071272
26,22.774217313500465
27,22.66979673463174
28,21.574904508335194
29,9.862400935819153
30,15.362649129152508
31,39.43085647030292
32,11.426469244182691
33,12.805846903622125
34,10.423523364324112
35,28.91044297840574
36,23.143957564937843
37,11.159276169089884
38,28.442999390386635
39,8.727531779389993
40,10.472158275002283
41,11.35281311213338
42,16.239941958988226
43,21.573318499758656
44,21.3097493195506
45,12.056879983993788
46,22.723211146833798
47,10.591456773916665
48,26.96058149122912
49,11.477623594526111
50,10.695256305312766
51,29.71257793496471
52,22.671611146833797
53,23.23800609219061
54,12.138376483450717
55,12.26854046686379
56,22.682111146833797
57,23.0167506468338
58,11.493918814661551
59,10.289417882837636
60,23.266522758857278
61,9.777602138192975
62,11.698107124818845
63,35.86664785153116
64,12.08943745360417
65,21.248035033836317
66,22.896131734631737
67,38.95514935673495
68,12.755165271874198
69,13.615127481854428
70,8.346448635706913
71,9.814135552162718
72,21.99405499975866
73,11.969227596537866
74,9.41157704464799
75,18.930244388327367
76,13.48186779066047
77,22.368465401291736
78,12.129478452868945
79,22.837661146833796
80,10.71398785792845
81,23.071195342190606
82,10.223731494935489
83,11.664372184861275
84,10.667122870001132
85,21.666968804401847
86,11.881204512812875
87,6.913834872947975
88,9.761573211182974
89,22.23211553927493
90,15.43425387782916
91,23.065987758857275
92,22.875450646833798
93,9.744429907051511
94,11.455424247895664
95,11.242470013798417
96,11.3604707282873
97,11.334490445802393
98,9.074970989389993
99,27.42414183583663
100,21.76510849975866
101,23.065987758857275
102,11.208668535232938
103,12.151725374122945
104,9.515823889762434
105,30.066584494871208
106,22.08264349975866
107,21.264749319550607
108,29.329296797836783
109,10.254680069953565
110,20.733235062619393
111,21.187810033836318
112,29.35733151491361
113,11.208015189393414
114,23.34962275885728
115,11.366603694763864
116,22.881892368342356
117,25.7238233980191
118,21.52423225677613
119,12.08943745360417
120,21.767808499758658
121,12.297017755899823
122,12.684712321700214
123,11.26068586291338
124,11.992092191185852
125,22.68136540129174
126,31.043680146557328
127,22.827311146833797
128,11.845892982984424
129,29.032763583572635
130,37.80417021915167
131,11.496799468573274
132,15.42090387782916
133,10.299315967893493
134,8.697081779389993
135,11.529757985739174
136,9.681919549182586
137,9.703679879671615
138,13.559074808573495
139,12.060478005883944
140,11.389370884345173
141,9.693245498549675
142,13.135260065314654
143,12.720082265015506
144,23.50165184707741
145,11.678848005883943
146,10.394631740099449
147,23.34230256493784
148,10.278856029520075
149,11.686828495351273
150,38.283720730732966
151,10.190462244935487
152,14.249985517393359
153,8.697081779389993
154,13.056080730082794
155,10.457364180610204
156,38.223818374349165
157,12.627516059660188
158,11.575157058610124
159,23.250906092190604
160,9.032625989389995
161,29.01810139919528
162,33.00788942416123
163,29.30368695963488
164,9.92608896976224
165,38.19360912599916
166,10.632929529520073
167,11.612114747481112
168,13.891848634580862
169,12.091794034351222
170,9.964296326404153
171,11.912413350414987
172,38.49372291714375
173,29.84108401289437
174,11.918541370239112
175,10.226077875626714
176,12.232441490870574
177,11.460950247895664
178,10.680631627292541
179,12.176682097820153
180,37.99791949151267
181,18.953299150727034
182,10.66021495783572
183,21.2462993195506
184,12.475749593371694
185,9.178777507365512
186,25.010552429975405
187,22.68010703927493
188,38.121427778252425
189,23.641077679303123
190,10.290201598740381
191,9.851688437348887
192,18.705801087341754
193,10.403999099138193
194,12.097047383768086
195,10.160849632533225
196,11.45141233333046
197,12.842248856988103
198,11.568437058610124
199,22.789211146833793
200,22.567792484631745
201,9.58555030607946
202,14.13287384090553
203,23.229557292434222
204,11.317268335293772
205,12.426063852020576
206,9.40027735843137
207,11.878253536465717
208,10.386527981734648
209,11.548962219382414
210,21.18132146060742
211,11.344932316164714
212,10.988238335386175
213,20.671396756776133
214,11.488610925586201
215,12.7593373883319
216,35.752784308726504
217,27.632972516275935
218,9.225175958704941
219,8.338925893771432
220,22.723168872608266
221,23.451932292434222
222,10.875712960836339
223,10.581564252745256
224,11.133230824715877
225,11.522214898917815
226,10.779511928002286
227,10.481923009135404
228,14.281744854782797
229,21.143696452132943
230,13.500841010903496
231,11.586099467544669
232,23.234042292434225
233,8.697081779389993
234,11.458685518014871
235,22.809611146833795
236,11.459012832895663
237,21.719028499758657
238,10.85992694883754
239,29.218239171492044
240,13.8817566705726
241,33.00063260113633
242,9.576793791889965
243,10.103198189540635
244,13.289536957988101
245,14.162148829453079
246,23.45905184707741
247,11.354059028733118
248,11.675052345464481
249,9.976660677670907
250,12.442142113192972
251,8.672897279389995
252,8.253825893771431
253,34.01353005143006
254,23.36155729243422
255,22.926450646833796
256,11.345802170840724
257,30.995109504473383
258,11.836571465113689
259,21.210204120181892
260,21.232571452132945
261,31.069632650448064
262,22.132884333412985
263,38.50742720400486
264,21.12383645213294
265,11.996580376380445
266,11.693216913610124
267,13.6363799414489
268,29.63306927422653
269,8.02792994665393
270,21.672883090116134
271,10.518192897735428
272,9.789302847659446
273,12.61432497218367
274,22.41493553927493
275,22.18778739760742
276,25.762223183682487
277,8.668581779389994
278,10.193457550940852
279,10.410569980352891
280,9.603919488029431
281,11.568936675663346
282,22.017753499758662
283,21.19286974389452
284,9.23747001150319
285,9.167032507365512
286,38.35274528817928
287,14.102939270352135
288,11.189316706158625
289,8.697456779389995
290,21.72868225677614
291,11.867365198601505
292,10.963640828616285
293,16.46976495045822
294,12.217282100797735
295,11.805920419730219
296,11.598862377483247
297,9.886814876061182
298,11.409798280651039
299,10.069109271569403
300,24.123182292434223
301,18.386807346096347
302,26.88884040296177
303,29.49720672694855
304,11.20146894813917
305,28.419244340386633
306,28.368960162189396
307,10.704270440954344
308,11.233672513783418
309,9.095059945148499
310,11.331693724078274
311,22.423007039274932
312,23.45905184707741
313,11.333392926073273
314,12.51250407399502
315,8.978877634300442
316,22.662161146833796
317,10.393240029520074
318,22.791076900292012
319,33.35582685113633
320,11.633119812309799
321,11.66659785223286
322,21.607068499758658
323,21.125216452132946
324,9.99113933026275
325,10.608867063850017
326,21.11138645213294
327,25.76368481317388
328,11.996580376380445
329,24.713652704141396
330,17.764827180037134
331,21.76510849975866
332,11.892278161687841
333,11.7389773123098
334,9.862515501061182
335,22.85622040129174
336,14.222477008310197
337,10.67940705221597
338,9.805959800159446
339,12.707603883944076
340,12.031970284109141
341,10.740486384799775
342,12.24700900749443
343,38.08147534212337
344,14.249985517393359
345,25.58929701817388
346,11.61358207981362
347,11.598443750917816
348,21.976406734631738
349,29.222846373394407
350,21.207236452132946
351,11.798830239155242
352,22.43987673463174
353,14.280978863038627
354,12.763373259170109
355,19.20994698752274
356,21.111236452132943
357,25.719757472827354
358,23.05529673463174
359,9.631698679356155
360,10.71645132486458
361,22.52542253927493
362,10.638436924098258
363,11.054710938320458
364,22.476698658581533
365,22.7031111468338
366,10.560728631636609
367,10.457645866135405
368,12.444459548375093
369,36.13280600883976
370,11.613501373429443
371,9.527884631638594
372,12.729619737105002
373,14.035175052452898
374,9.140090780910512
375,23.234042292434225
376,11.358068100033016
377,10.148845712278693
378,12.293697211520062
379,14.11121728053984
380,13.457741131308865
381,11.208015189393414
382,10.610909948121947
383,28.818459088117805
384,22.61070036005295
385,8.396923635706916
386,11.740598105717165
387,21.95911501658339
388,21.248035033836317
389,21.252749319550603
390,11.58434886272373
391,9.895180320988302
392,22.569767313500464
393,31.797817535211564
394,10.633566862060134
395,8.23419398377143
396,19.064861018668424
397,10.433603674557355
398,12.828074284058973
399,11.993011861530293
400,9.769230275061705
401,10.536944529520074
402,11.365093432709132
403,25.98982989223541
404,29.58482336060188
405,21.573704508335194
406,23.87508229243422
407,15.159632333971325
408,22.812450646833796
409,8.142657691273545
410,12.904252953273952
411,11.531990643806417
412,11.33397650682511
413,9.950611683328717
414,11.903130964700576
415,25.324737872670404
416,9.246091783862767
417,10.67833425409318
418,13.90436122765809
419,15.509443476792942
420,11.309555795693223
421,14.426558198494472
422,22.76720673463174
423,11.254194045767928
424,22.65396331034261
425,22.937700646833793
426,10.66051495783572
427,9.336138283862766
428,22.803161146833794
429,30.210762046186765
430,26.861024547550464
431,13.06276359877044
432,38.20502052504935
433,13.973760794686351
434,9.883380240848307
435,12.191843609779884
436,11.667788013285543
437,11.892278161687841
438,9.51488468633211
439,23.57033866246236
440,16.06608642806975
441,35.68378430872651
442,11.676921824878015
443,9.410042132112496
444,10.578713592098483
445,11.528543325868274
446,12.245609228239312
447,10.441051509699975
448,41.28394776889267
449,22.993800646833797
450,38.46072347091977
451,10.945908460278817
452,12.463460423716116
453,22.803161146833794
454,30.746611327156884
455,12.02763454476441
456,10.649174957835719
457,9.84478380029441
458,11.565651312309798
459,12.135496704103279
460,11.586066801599937
461,11.147465172725926
462,12.85325325917011
463,10.576375835232401
464,11.742165178247099
465,10.212235114659535
466,33.11774825424833
467,9.693245498549675
468,23.32195729243422
469,11.421726357708916
470,23.051111847077415
471,22.9132506468338
472,22.767551734631738
473,10.307307346369257
474,24.805963552128574
475,29.245627596051143
476,22.96313248463174
477,12.094783653683086
478,12.299155838073133
479,21.01973503383632
480,11.809033280589334
481,25.146620038190235
482,27.07136554146159
483,9.098445989389994
484,22.733711146833798
485,11.766086665595914
486,11.036089476450396
487,8.432443635706914
488,11.980115393373245
489,13.190725280231254
490,12.315290006919843
491,11.592377339020963
492,10.262728719007704
493,13.535157393240425
494,11.881170292447706
495,23.736701847077413
496,22.7061111468338
497,10.211332431954506
498,11.81095213815524
499,14.183153129254816
500,9.631647671061181
501,11.724121989364699
502,10.30399376433969
503,11.766234090024426
504,10.565697865018755
505,11.249004145878931
506,12.763373259170109
507,22.664111146833797
508,22.789211146833793
509,20.967449319550603
510,10.60684741864554
511,9.11046780579887
512,23.03453248463174
513,41.13227439773589
514,10.528315176843822
515,11.105770559880561
516,14.245435473046964
517,22.809611146833795
518,23.05778109219061
519,33.104260184469666
520,21.658718804401847
521,10.283341029520074
522,11.689268059399296
523,10.53332051607163
524,9.983259425653394
525,10.494661597923734
526,12.14237945273413
527,32.389965934469664
528,12.169930706452735
529,22.677611146833797
530,11.460421202205628
531,23.11158775885727
532,31.154491386557325
533,10.457645866135405
534,11.645253318909685
535,14.70746790034121
536,12.464978513716115
537,12.831916283833866
538,11.820910397515359
539,11.24220380280917
540,32.802701851136334
541,9.084286467918126
542,28.211521416523638
543,10.824148844074637
544,11.075517818360314
545,23.160457564937843
546,16.588557600292827
547,25.75969701817388
548,27.999812934669396
549,15.782043060067924
550,12.670860016645756
551,21.637608499758656
552,20.461592210421095
553,10.679756957835721
554,11.826449176770291
555,10.704808275002284
556,11.153683406500937
557,22.297365539274928
558,22.889550646833797
559,23.06616748463174
560,8.707892279389995
561,28.887263583572636
562,11.546495601136668
563,11.170118056509445
564,11.967294022075576
565,10.369157234473981
566,10.28759334213204
567,12.756083259170108
568,11.369254704233649
569,14.400465996721426
570,11.277602490220932
571,30.213103094267076
572,22.04420980681472
573,27.499055701286046
574,12.837613598770439
575,23.250906092190604
576,10.983926111083361
577,10.271993529520074
578,11.76063787244595
579,11.330479024681221
580,23.143957564937843
581,10.93439364635827
582,12.08943745360417
583,10.71398785792845
584,23.108780554293453
585,11.840945853672022
586,23.200672758857273
587,20.602246756776132
588,10.656314957835722
589,38.35803158315476
590,9.769230275061705
591,15.114005300399317
592,22.561161428773083
593,11.336909996918878
594,23.16358173463174
595,26.21724205966433
596,21.622701447393116
597,11.540891300750774
598,11.260236425375819
599,10.785917806176801
600,10.237762628323713
601,11.047235736646773
602,29.373241196420206
603,10.71886495783572
604,38.29024385275143
605,9.999234111309887
606,22.701611146833798
607,22.136426734631737
608,11.037685347835595
609,11.355336434245864
610,8.974371245402502
611,24.612152119826874
612,10.334995029520073
613,23.01053248463174
614,9.336138283862766
615,11.636168543308989
616,23.230657564937843
617,15.503347688419222
618,10.496507832735428
619,31.797817535211564
620,9.467572517947065
621,10.256151598740383
622,21.20887646060742
623,23.33357684707741
624,11.210753045676775
625,29.57628692855753
626,32.403910184469666
627,10.802709276076655
628,10.623389717184917
629,12.264482353416732
630,17.584058562707476
631,11.780851755883944
632,11.614939215773756
633,10.81070811883465
634,23.751142715255092
635,9.977713025653394
636,10.468643529520074
637,22.812611146833795
638,35.95494200391921
639,8.085959718016685
640,9.995520261257182
641,33.575096440459674
642,10.63128416268449
643,21.18132146060742
644,32.681791101136334
645,22.78644775885728
646,8.410393635706916
647,25.684516033164122
648,29.139446373394406
649,9.37298591928142
650,10.39107578052186
651,11.787698924863957
652,13.727500485482814
653,10.67314762604254
654,24.584146091419882
655,15.209483493752558
656,10.299315967893493
657,12.036064520749761
658,9.907473506018636
659,11.463870452605665
660,31.39612280390279
661,11.001000901131711
662,10.8809892329374
663,28.50377067948065
664,11.417648246177656
665,10.585281624241778
666,22.673111146833797
667,9.731139333567079
668,10.317576441719408
669,21.18132146060742
670,10.419468414004676
671,29.507932332664446
672,10.724830194002283
673,11.228282688970225
674,32.43863518446967
675,15.200519926063738
676,9.897913890634019
677,11.729586993155245
678,11.913836068041384
679,22.759281092190612
680,12.821868943810216
681,24.429143819564125
682,10.525088592098482
683,10.222746759699973
684,11.479494746136488
685,11.035085060997151
686,29.222846373394407
687,22.51303173463174
688,24.71166881899039
689,11.736599770185979
690,11.53817995151788
691,22.845655872608265
692,14.756975520016717
693,23.009759146833794
694,13.668094054194324
695,11.684674040473391
696,22.63726540129174
697,12.206311360232856
698,27.014669400228847
699,22.164926734631738
700,32.76903260113633
701,29.445990244392483
702,22.570255872608264
703,12.159416209822755
704,11.613321497481111
705,10.216845878587815
706,21.636461452132945
707,12.71322755966019
708,9.465820812290954
709,18.557559638953425
710,25.372066828445263
711,10.616808368669231
712,10.74825414887171
713,21.167216452132944
714,11.954962392176501
715,22.507422539274927
716,11.519749149282156
717,35.82902557035365
718,10.806443431045139
719,13.528036957988103
720,29.558737278286415
721,23.45920184707741
722,22.777217313500465
723,17.972844502290826
724,22.533497050228263
725,10.123406257759658
726,23.35932539827784
727,18.06961464797213
728,9.62514543608382
729,24.50953016956413
730,29.313430294206633
731,10.263558293756216
732,9.160947244207616
733,27.529501835836633
734,9.455975070947495
735,20.955235033836317
736,9.987759425653394
737,20.850536452132943
738,10.21104276227742
739,9.193589230862784
740,11.270701597821617
741,32.79991018446967
742,21.31737146060742
743,22.071904999758658
744,8.214015744776429
745,23.012556092190607
746,8.778027134389994
747,10.05803850182514
748,22.856605872608263
749,17.980441047745373
750,12.02083391098287
751,11.32016041162063
752,22.677611146833797
753,11.887001109984423
754,11.228847591897338
755,22.806611146833795
756,35.82859935151116
757,11.191466316201083
758,9.930476428225326
759,21.994695401291736
760,11.222984194524429
761,9.835329024427683
762,20.764834384350277
763,12.692636938237223
764,10.83372935590765
765,11.9352160521015
766,11.892278161687841
767,8.37406898377143
768,26.466108375550462
769,29.35186053280907
770,20.372243717496655
771,25.70719701817388
772,9.729779376590082
773,14.996139880694564
774,10.315831241197554
775,21.962906734631737
776,10.265148028870247
777,22.899450646833795
778,10.335851697809897
779,11.791380894910484
780,22.52542253927493
781,26.273686546246296
782,23.17849537260826
783,22.80417490744364
784,32.71273102930337
785,10.72396495783572
786,38.45641481544337
787,12.33845624286736
788,10.430442091634816
789,11.053669226693414
790,10.481681866135403
791,11.88775677768784
792,8.789702445148496
793,29.172711716089317
794,22.43987673463174
795,20.956735033836317
796,10.999512284003885
797,10.556737010395867
798,40.719818686705196
799,13.614595569505305
800,9.856430464643253
801,32.08721395508527
802,9.881989131670649
803,22.803161146833794
804,26.785813597746795
805,13.624470493348824
806,23.0167506468338
807,25.980003906353964
808,22.890300646833797
809,8.433793635706916
810,11.163023619051085
811,11.609153318909684
812,10.618999717090372
813,29.50169227828642
814,22.945950646833797
815,10.428395112837055
816,9.395045849358398
817,8.721831779389994
818,9.969159425653393
819,23.235172758857274
820,10.010834588831582
821,26.580900435173966
822,11.689065943040884
823,26.125312043673006
824,10.484531866135404
825,17.675027279054778
826,11.78578663229697
827,29.456001418740662
828,29.35186053280907
829,11.548739107650015
830,25.18367083678359
831,9.441067276895538
832,29.061120214745383
833,11.668837224727845
834,15.42090387782916
835,8.985313736800443
836,28.780654340386636
837,21.9948118373988
838,21.297068939606902
839,27.91144934859892
840,11.430986213604713
841,11.98336737369938
842,11.901768478939902
843,10.475287184382058
844,11.341578895148878
845,31.043680146557328
846,21.167216452132944
847,23.361022758857274
848,22.774931734631743
849,8.867932445148497
850,22.39300703927493
851,31.01702238655733
852,23.357406092190608
853,9.11871508287468
854,11.97413742560818
855,10.785917806176801
856,9.094317243622616
857,24.39374677039152
858,9.920900428225327
859,17.571594502290825
860,11.523492411278333
861,21.108386452132944
862,11.575157058610124
863,9.797553113440074
864,11.312378362913378
865,32.44657443446967
866,10.785917806176801
867,9.433149508874981
868,19.63031041182373
869,23.03072684707741
870,9.880489131670648
871,10.496507832735428
872,23.31535184707741
873,9.632829879671618
874,12.00592324521055
875,25.04911695537456
876,11.549098307339502
877,10.982559917729947
878,11.272543403216016
879,10.535287017843821
880,9.08178827831609
881,11.51787506362342
882,21.105236452132946
883,22.950450646833797
884,11.611999062309799
885,25.531910316264828
886,33.27626698679933
887,24.852626890190237
888,8.19961574477643
889,22.603095110641156
890,10.724024957835722
891,21.65380849975866
892,10.661804525067533
893,29.313430294206633
894,9.455617437711311
895,22.733267313500463
896,11.759300070255621
897,9.152632507365512
898,21.861819285472947
899,12.838282423154226
900,12.54195145360417
901,24.67936633741988
902,11.741258798662221
903,11.341578895148878
904,11.668263602232859
905,23.216695342190604
906,12.055489750858943
907,21.240299319550605
908,9.613669826394108
909,38.24317970301078
910,11.932264572737704
911,39.665274397735885
912,10.08116657671135
913,12.89717325917011
914,11.863240150124666
915,29.473419063183265
916,9.750212207205418
917,11.332528951636679
918,21.18132146060742
919,10.334572468829386
920,10.329990481734647
921,10.983616072273982
922,10.326801898936141
923,29.056685702569396
924,11.740636434754435
925,9.937317208390699
926,9.325449312290953
927,38.36898412940347
928,11.74040217993636
929,11.255616333704367
930,11.5232815623098
931,38.17513417388814
932,8.957547634300443
933,12.527466147455277
934,9.397588045980278
935,22.871803001113108
936,11.641822312309799
937,12.286518886530297
938,9.736980275061706
939,11.290388583234147
940,11.428061643806416
941,21.76510849975866
942,11.270675862913379
943,25.644323183682484
944,11.001105731021497
945,10.450866228116858
946,11.096757802464804
947,11.41821924418269
948,11.450883342219875
949,22.42476203927493
950,12.84348030917011
951,12.034772762392885
952,21.27236692984546
953,26.181711515952017
954,9.13607280579887
955,10.232400029208232
956,24.845028852095236
957,11.336564377056616
958,38.169212026993144
959,9.78143555216272
960,10.124322236609514
961,22.70653173463174
962,22.726168872608266
963,21.248035033836317
964,11.914649836171655
965,12.183776661172756
966,9.870600501061181
967,11.786211342810432
968,9.210910305918079
969,25.677443320673966
970,11.632278030327175
971,14.747955921266719
972,8.389055893771431
973,9.168547809921751
974,22.652111146833796
975,12.380735158623281
976,16.278095091958228
977,23.36155729243422
978,38.454722917143755
979,22.9240506468338
980,11.666902005883943
981,9.094317243622616
982,42.13758564410286
983,11.522281494898882
984,39.46112062030292
985,11.532054451323146
986,9.097094775801358
987,8.099469671948604
988,21.647853834142868
989,9.90377461432363
990,10.228750712278696
991,11.469438238866037
992,11.746266667282136
993,9.092351258943511
994,11.160189714066146
995,8.997019462065182
996,9.543112028327755
997,22.505070539274932
998,10.909110443031816
999,11.746993253228185
1000,10.31235458155714
1001,9.6832537597089
1002,9.094317243622616
1003,9.223375608474317
1004,14.49863626583213
1005,14.340039623685815
1006,22.971300646833797
1007,9.993425728355799
1008,19.296426956434807
1009,12.853275292984883
1010,22.84922673463174
1011,20.461592210421095
1012,28.828571610734578
1013,21.12383645213294
1014,8.40170089377143
1015,29.112806373394406
1016,9.673724601191719
1017,41.41111080422985
1018,11.334554829769894
1019,12.771518773822777
1020,11.998211252045445
1021,11.172642189393414
1022,8.96512044453787
1023,10.744395980825356
1024,10.67854538724178
1025,11.6211740557498
1026,10.421189529520074
1027,11.440395482486416
1028,15.55431074550593
1029,17.9416583699395
1030,10.652678634466632
1031,51.04098342410863
1032,29.091018611962568
1033,9.932150428225325
1034,11.03812681333139
1035,13.00694616956357
1036,10.342875560332885
1037,9.363343283862767
1038,22.889947758857275
1039,22.812450646833796
1040,13.083864698699212
1041,11.557117411278334
1042,11.029533706578118
1043,10.574485484080514
1044,13.684447648795082
1045,23.14103248463174
1046,27.737823273990156
1047,12.007852750858945
1048,12.756083259170108
1049,21.599568499758657
1050,11.330803307143025
1051,24.50953016956413
1052,10.276742806176802
1053,9.931874555169951
1054,10.379946176272524
1055,10.813339373295726
1056,11.785961822063065
1057,29.508906798304707
1058,23.262622758857276
1059,14.331911497441073
1060,21.53714359011613
1061,18.123650576204447
1062,23.072317484631743
1063,21.18132146060742
1064,11.36013993716338
1065,10.695749187821159
1066,11.519532525958462
1067,21.18132146060742
1068,11.634636763520096
1069,22.8919506468338
1070,10.442621866135404
1071,12.07277028410914
1072,13.94003730917171
1073,10.688086492724509
1074,22.11270420593493
1075,11.000489292096074
1076,22.906500646833795
1077,12.424356478402597
1078,11.054877183774778
1079,9.975928213520795
1080,30.827232754160583
1081,11.356984704233648
1082,11.818373986390718
1083,11.237412612184123
1084,11.823643575324986
1085,21.12338645213294
1086,10.698379659002285
1087,12.605611362869224
1088,11.674083042464481
1089,22.778051734631738
1090,38.08147534212337
1091,11.10522076283917
1092,22.623917306723392
1093,12.799808259170108
1094,11.223895031855822
1095,9.577073255930646
1096,30.765072652921887
1097,10.568383682165274
1098,12.604574516315587
1099,8.422738635706914
1100,23.14103248463174
1101,10.442621866135404
1102,11.185446021603408
1103,29.80406413496471
1104,11.371496633001826
1105,22.612376734631738
1106,11.159540544149369
1107,9.393237688015017
1108,10.619100357944344
1109,23.187625342190607
1110,32.536291101136335
1111,9.735849709075993
1112,11.203301951947015
1113,12.71487184746005
1114,22.942492484631742
1115,9.840915329279127
1116,11.808882703034296
1117,29.313430294206633
1118,10.576375835232401
1119,11.620550274340902
1120,29.293291959634878
1121,30.789099571701463
1122,29.139446373394406
1123,8.737967279389993
1124,23.506532292434223
1125,21.012235033836316
1126,14.047964012332038
1127,12.398204769685297
1128,9.926448817315265
1129,11.191921031855822
1130,22.840500646833796
1131,29.35733151491361
1132,29.139446373394406
1133,41.2017320989942
1134,10.60651189186485
1135,8.934524039356683
1136,22.45662053927493
1137,10.645046968644358
1138,23.21072684707741
1139,11.125303885522282
1140,27.5473109797755
1141,39.44142352030292
1142,13.94433811819949
1143,10.602794529520075
1144,22.767551734631738
1145,11.946505250897754
1146,10.56038424024178
1147,9.510984604133753
1148,12.507439916230298
1149,12.358968931972754
1150,22.822950646833796
1151,21.124736452132943
1152,22.436507039274932
1153,12.84608025952482
1154,22.569472887621
1155,21.835965016583387
1156,21.69373225677613
1157,10.448545132955173
1158,38.20312122599916
1159,21.757061452132945
1160,14.56983340227279
1161,12.787458853848303
1162,11.570993055749799
1163,26.84638325170416
1164,35.24405219155713
1165,28.013474390386634
1166,23.156095342190607
1167,21.976406734631738
1168,30.291303262894374
1169,14.330006992406211
1170,10.055224308659046
1171,12.486105855535405
1172,11.385812185376563
1173,9.365792132112496
1174,36.90163025723394
1175,16.42888936245822
1176,9.900926428225326
1177,13.014873400356972
1178,38.21928192526467
1179,16.175951439250657
1180,14.804808188209707
1181,27.214923687229124
1182,11.676994642901082
1183,29.491885264946397
1184,11.88775677768784
1185,11.336731622923274
1186,26.727553653368442
1187,29.834919063183264
1188,10.97169656116355
1189,22.248926734631738
1190,11.320797209733115
1191,11.537093055749798
1192,21.67356880440185
1193,21.118286452132942
1194,22.796111146833795
1195,10.727957482321695
1196,21.969946109001
1197,9.11916780579887
1198,11.534868087268274
1199,45.89078042397538
1200,9.900926428225326
1201,23.257076847077407
1202,11.668407243610124
1203,21.18132146060742
1204,24.166514073694717
1205,10.191630511927118
1206,11.25139399432581
1207,46.69874010280096
1208,11.024818076729948
1209,9.26368261696291
1210,28.52061962290479
1211,10.529596264671778
1212,9.24446851312544
1213,11.489733642300488
1214,24.170660097509973
1215,28.531406266093622
1216,21.192236452132946
1217,21.73806349975866
1218,8.142633691273545
1219,27.304604474036232
1220,9.736980275061706
1221,15.459582318010298
1222,22.837661146833796
1223,11.827593623371222
1224,12.961327953273953
1225,10.274791029520074
1226,11.694356016630502
1227,10.392715029520073
1228,9.876153909411183
1229,28.18605646721491
1230,28.66847832489683
1231,10.265102806176802
1232,13.056080730082794
1233,11.835456855863859
1234,8.602262279389993
1235,11.694443106096234
1236,30.50648401289437
1237,21.596568499758657
1238,38.28982058810428
1239,23.36155729243422
1240,23.35855184707741
1241,12.7693873883319
1242,11.062120791638115
1243,22.16667040129174
1244,10.615228045512355
1245,8.404753486711915
1246,12.060703744497843
1247,9.7643597959146
1248,38.67321686428496
1249,28.080899390386634
1250,33.97607295143006
1251,22.68910703927493
1252,22.60123173463174
1253,12.753663460912977
1254,12.569869996686737
1255,11.521351976565533
1256,21.953752785472943
1257,9.829249965003982
1258,11.655276735687156
1259,20.955235033836317
1260,11.528555741552392
1261,16.42888936245822
1262,27.153593511115155
1263,11.6767261672695
1264,21.58488446060742
1265,23.600244244343568
1266,9.187597809921751
1267,24.30400184707741
1268,9.097695989389994
1269,9.691445498549676
1270,9.920900428225327
1271,11.252158648194015
1272,13.741401708943421
1273,22.878450646833798
1274,13.268508951940461
1275,8.033112204718446
1276,10.444450696011636
1277,26.616684387750155
1278,23.00676748463174
1279,12.879945940339962
1280,21.269249319550603
1281,10.890372907322558
1282,12.5630396902753
1283,22.371465401291736
1284,22.872450646833798
1285,33.27663260113633
1286,11.383407245877393
1287,24.81553510314357
1288,27.9091503897555
1289,39.40925647030292
1290,11.6337439397515
1291,29.54890592855753
1292,23.571182292434223
1293,11.332769858108362
1294,20.142002107436657
1295,12.444459548375093
1296,11.42183953972258
1297,22.08264349975866
1298,9.737873461337227
1299,22.53310173463174
1300,10.009641000282164
1301,11.702643476669204
1302,22.761268872608266
1303,13.549395557882855
1304,22.858050646833796
1305,12.534934234105215
1306,11.627831053410471
1307,10.793111175502286
1308,12.123882363205947
1309,24.67936633741988
1310,9.267009086989702
1311,10.567067076685422
1312,12.591929071909131
1313,23.292626847077408
1314,10.10774468889036
1315,22.560521734631738
1316,8.594057279389993
1317,8.97433659970496
1318,11.40404104235418
1319,12.032158229799617
1320,28.550174659282376
1321,23.572982292434222
1322,11.147142189393414
1323,21.221171452132943
1324,12.01651703054942
1325,10.616204529520076
1326,10.579059945567533
1327,11.135444383989661
1328,11.448227339020963
1329,10.362764561363335
1330,11.861936719359633
1331,36.76359653076061
1332,8.9688299451485
1333,11.976977513380245
1334,15.056810788649843
1335,12.056427699370198
1336,22.350465401291736
1337,11.29568095332927
1338,21.26093503383632
1339,21.203636340936313
1340,21.168116452132946
1341,23.18663248463174
1342,11.33528517814714
1343,38.283720730732966
1344,11.88775677768784
1345,9.046654764621422
1346,23.35562275885728
1347,8.977184950631063
1348,22.906211146833797
1349,21.597161452132944
1350,21.74935849975866
1351,10.65997495783572
1352,9.422027358431372
1353,11.634192312309798
1354,11.693216913610124
1355,11.611999062309799
1356,11.075564682477992
1357,9.789759800159446
1358,10.204830293756215
1359,20.853732952132944
1360,22.23290673463174
1361,17.58045470451985
1362,21.728971756776133
1363,11.396063957108456
1364,10.446601718134472
1365,23.29112684707741
1366,10.515325481566745
1367,22.789211146833793
1368,10.663720432724508
1369,10.023476511257183
1370,10.736457915434345
1371,10.789344045140785
1372,12.764223234428592
1373,11.87526626264475
1374,12.03786217311585
1375,29.40572052694855
1376,10.299049759068387
1377,22.809611146833795
1378,22.743551734631737
1379,25.425942695145405
1380,21.607068499758658
1381,11.739854812309797
1382,39.00813652225153
1383,9.736989242076508
1384,15.434970524969554
1385,11.610589812309799
1386,12.72225826466019
1387,23.247157564937837
1388,29.256069232600666
1389,11.946505250897754
1390,9.950837129207194
1391,37.77211731561596
1392,30.694392075788798
1393,9.135613873314616
1394,10.443236866135404
1395,21.01973503383632
1396,38.30836689242801
1397,32.86803260113633
1398,10.134678980190646
1399,12.346841494194486
1400,11.230987930693273
1401,23.29112684707741
1402,23.379551847077412
1403,29.121980814634878
1404,22.803161146833794
1405,10.594352194492274
1406,10.576375835232401
1407,11.782960586249335
1408,10.008272632377643
1409,21.599568499758657
1410,26.23542685966433
1411,10.121089774198378
1412,26.777851351412032
1413,9.878909803225326
1414,11.778930562355704
1415,24.852626890190237
1416,12.809013335545227
1417,29.801202870895363
1418,12.497591734105216
1419,27.30168369647719
1420,11.809953930351213
1421,39.32112647821792
1422,15.61839387782916
1423,8.412253486711915
1424,24.673246091419877
1425,18.161104990746438
1426,12.700027559660189
1427,21.26843503383632
1428,9.50598045556288
1429,15.405559486855656
1430,11.170899686635178
1431,9.311236812290954
1432,8.216426868358504
1433,11.499854740007585
1434,10.338378720129604
1435,21.961406734631737
1436,11.590469939255673
1437,21.269249319550603
1438,23.06063248463174
1439,22.799348424351415
1440,22.906500646833795
1441,29.32443706480177
1442,14.035133199349685
1443,62.22904238361549
1444,8.691006779389994
1445,12.569297240591748
1446,29.502442332664444
1447,12.072699615963092
1448,22.815167313500467
1449,12.191264503322952
1450,26.818813597746797
1451,11.862171870967705
1452,22.887611146833798
1453,9.196210305918079
1454,12.164092073623399
1455,12.346866645302754
1456,12.211509108494432
1457,11.387809939944695
1458,8.347498635706915
1459,10.9622107966533
1460,22.980900646833796
1461,8.967070444537871
1462,9.628772335377143
1463,13.499348042108377
1464,11.773925368091351
1465,9.534101485367877
1466,23.0227506468338
1467,11.642100720061638
1468,13.51768159737054
1469,11.636168543308989
1470,11.102670762839171
1471,11.712578665634936
1472,27.026236491229128
1473,32.53658851393007
1474,9.441296997052184
1475,9.965663335125353
1476,24.617776269080558
1477,26.447826459550463
1478,32.661691101136334
1479,11.070689101968298
1480,10.922690001366
1481,28.857715099346294
1482,9.717610714842028
1483,22.838111146833796
1484,22.53310173463174
1485,13.377309335756763
1486,12.538475579399329
1487,11.870547184861273
1488,23.78948934082984
1489,22.95374673463174
1490,26.306951640336813
1491,11.220337932048123
1492,22.989321338111147
1493,24.456730169564132
1494,14.5863809285924
1495,8.594057279389993
1496,9.092387947473929
1497,9.814135552162718
1498,12.113365516715731
1499,11.01178611643788
1500,27.38208948694662
1501,10.396673566884818
1502,13.596475233598863
1503,10.346933332064022
1504,11.533956089935545
1505,29.294242514196906
1506,11.128576298295737
1507,21.679471756776135
1508,29.589215478733365
1509,11.633416818909684
1510,9.101745989389993
1511,15.677466036259453
1512,9.828366549098524
1513,11.077113222116562
1514,28.926114467612507
1515,24.10846735866242
1516,12.345497728168251
1517,23.38278229243422
1518,29.550028662531332
1519,10.625077870001132
1520,9.34172709974449
1521,22.7701611468338
1522,11.709704053676354
1523,11.220804145878933
1524,13.955509813491743
1525,23.006220401291742
1526,11.655541818909683
1527,11.181286178889179
1528,10.583191088525021
1529,21.06800389735197
1530,32.43826109838115
1531,31.69981593446966
1532,18.90951799446257
1533,10.92117187000113
1534,8.996408444418662
1535,26.349618757323974
1536,10.505489112006803
1537,15.858274957619109
1538,10.576575533067533
1539,10.131017602985882
1540,12.144587510156162
1541,21.22277714630733
1542,23.479803049389375
1543,20.528345844372836
1544,12.086615031147844
1545,30.248478262894373
1546,23.267722758857275
1547,23.329226847077408
1548,11.35526775628948
1549,24.839573464295235
1550,9.718792891748116
1551,10.334423166764504
1552,16.267554656548704
1553,10.614372357944344
1554,21.26993503383632
1555,10.78999016590896
1556,11.727590928396221
1557,9.120749356072793
1558,22.701150646833796
1559,8.94002276822029
1560,23.05778109219061
1561,11.312050642648877
1562,22.855211146833796
1563,10.315419345278121
1564,23.45170184707741
1565,23.32495729243422
1566,22.940032484631743
1567,10.763111600949005
1568,10.749230252736286
1569,31.107175146557324
1570,20.33217122749665
1571,10.775481378069713
1572,22.767551734631738
1573,21.41465659011613
1574,11.993901361077521
1575,22.993800646833797
1576,20.40346875942175
1577,11.327087372923273
1578,11.457674882339502
1579,9.989932921513592
1580,11.81210128749407
1581,9.779016549098525
1582,8.576524975320412
1583,8.649390169577881
1584,12.756083259170108
1585,11.39586311213338
1586,20.837036452132942
1587,22.67927673463174
1588,9.88154106551829
1589,11.777418626869988
1590,12.470359119338728
1591,11.669934898917814
1592,22.803161146833794
1593,22.07514349975866
1594,25.010552429975405
1595,12.986729487683672
1596,9.889951751546558
1597,23.329226847077408
1598,11.761229985599417
1599,32.60379110113633
1600,13.27417150127678
1601,11.648008919986639
1602,26.770940186925245
1603,9.875178000941972
1604,12.837613598770439
1605,13.903911068038632
1606,10.334842294974077
1607,10.280386029520074
1608,23.312406092190606
1609,9.331221558985728
1610,10.729655999327953
1611,10.49762553804567
1612,23.02118109219061
1613,9.295687438296312
1614,22.934305872608263
1615,22.43987673463174
1616,9.880423855652474
1617,12.019065291458332
1618,20.417890970841093
1619,22.751051734631737
1620,20.259789985411388
1621,9.882865356263103
1622,23.29112684707741
1623,17.573094502290825
1624,22.605212039274935
1625,9.85515330153957
1626,32.414410184469666
1627,28.484489659282378
1628,10.077583206099094
1629,30.987575895424527
1630,11.0486273469131
1631,11.290318694947484
1632,11.318739393618936
1633,11.870404630827867
1634,12.08943745360417
1635,22.706876734631734
1636,11.589438380686662
1637,33.686832962907346
1638,11.846643105717163
1639,10.574208152101022
1640,11.309850892232657
1641,12.918504147146201
1642,10.647673927898552
1643,9.731044280782907
1644,17.159877503340997
1645,26.71777655050724
1646,17.84160247938732
1647,32.35342443446966
1648,11.985069398512733
1649,9.856997399174508
1650,9.779016549098525
1651,11.641719824863621
1652,9.88066147209618
1653,20.372138202076655
1654,10.280956029520073
1655,12.031263022785172
1656,12.198499760703134
1657,12.300010318598972
1658,9.978415590835331
1659,22.723211146833798
1660,8.113540841598757
1661,9.922163335125354
1662,29.05123470978328
1663,10.531849313247662
1664,11.144918042187626
1665,11.801032605717165
1666,10.72336495783572
1667,11.405566004483228
1668,9.68391231987937
1669,11.273644816129188
1670,21.248035033836317
1671,11.516260522386489
1672,21.01973503383632
1673,31.797817535211564
1674,22.793111146833795
1675,8.807567279389994
1676,9.171767445029289
1677,11.418700265917817
1678,11.58341525725821
1679,10.31149376433969
1680,13.566403856988101
1681,9.136550489389993
1682,10.28759334213204
1683,20.615951419035092
1684,22.08264349975866
1685,25.854001612070572
1686,10.591845116581299
1687,10.708854008298937
1688,21.45143214112597
1689,10.183143489657368
1690,8.213470153126432
1691,40.4707094911372
1692,9.085883017871826
1693,13.229013951809598
1694,21.271397847393114
1695,10.797287175502285
1696,11.658242563049198
1697,10.453738604712335
1698,10.178841522347565
1699,9.582052634912898
1700,31.37413972336484
1701,11.28892336292838
1702,25.67649001258488
1703,22.65884673463174
1704,22.769276734631738
1705,22.948350646833795
1706,26.87531635127593
1707,11.208015189393414
1708,12.815186189341517
1709,16.12299863306975
1710,9.999313025653393
1711,8.727531779389993
1712,32.050002249561814
1713,18.10852567826318
1714,9.577073255930646
1715,9.167032507365512
1716,10.63522495769267
1717,11.913748550421303
1718,10.030997310606477
1719,28.12826815857892
1720,9.769295553279953
1721,10.639124957835719
1722,11.568437058610124
1723,9.210513283862767
1724,11.043751834277879
1725,29.05123470978328
1726,30.40148401289437
1727,11.893323857894288
1728,11.921626216193136
1729,12.098671234403225
1730,22.677611146833797
1731,25.70719701817388
1732,8.737967279389993
1733,11.04875033546746
1734,21.72982849975866
1735,22.872450646833798
1736,23.36057684707741
1737,23.015722758857276
1738,32.316032601136335
1739,11.703193368380244
1740,9.23072001150319
1741,11.369877170840724
1742,19.801786261588084
1743,15.503347688419222
1744,22.282620581583387
1745,29.05123470978328
1746,11.851890409820154
1747,22.001217804457767
1748,22.643111146833796
1749,38.084190895016434
1750,13.513792123563992
1751,11.607986518970643
1752,10.881540973840933
1753,10.507196528260668
1754,22.918050646833795
1755,22.906500646833795
1756,14.756975520016717
1757,25.68085077707235
1758,22.546217313500463
1759,32.331760184469665
1760,12.684819822901181
1761,22.71929673463174
1762,14.203803418168789
1763,16.32947445786023
1764,25.644323183682484
1765,11.976000944619607
1766,8.911570444537869
1767,21.562871452132942
1768,22.566167313500465
1769,11.486456587028144
1770,22.719617313500464
1771,10.789307421598984
1772,11.017041087014594
1773,23.234042292434225
1774,11.07846977589069
1775,11.634192312309798
1776,22.806611146833795
1777,12.050249531694377
1778,14.875314955395833
1779,12.009207398367842
1780,14.392205843115686
1781,30.827232754160583
1782,21.931436161814716
1783,9.60566948802943
1784,11.536002140720775
1785,27.47649351622762
1786,11.725087335630503
1787,29.445990244392483
1788,8.142633691273545
1789,9.662846268502324
1790,9.779259800159448
1791,10.332600470022893
1792,29.29124251419691
1793,9.133125374217489
1794,9.808360130061706
1795,12.053678280648342
1796,59.66618340190358
1797,22.59112173463174
1798,12.852353259170108
1799,22.840500646833796
1800,32.67669110113633
1801,11.648241346980381
1802,8.740969857960252
1803,20.955235033836317
1804,22.25571928547295
1805,23.01224673463174
1806,21.173216452132944
1807,22.046107785472945
1808,9.812515130061705
1809,8.265703486711914
1810,17.906270804530607
1811,8.98015393378911
1812,22.944532484631743
1813,11.306289393618933
1814,21.01973503383632
1815,28.54791753301795
1816,20.259789985411388
1817,32.08703888645179
1818,11.49064949348695
1819,11.627258025059483
1820,32.27281593446967
1821,10.940212681943734
1822,8.974854762845348
1823,9.881989131670649
1824,10.901243881218484
1825,10.793111175502286
1826,21.49656707616802
1827,11.665097729353944
1828,11.685554319980698
1829,22.940032484631743
1830,10.746842256135405
1831,10.215385114659536
1832,8.798732445148497
1833,9.23747001150319
1834,22.74413248463174
1835,21.117386452132944
1836,11.321720078344896
1837,12.760969737105002
1838,12.045491945935751
1839,10.961716926450396
1840,27.00499093886801
1841,11.448967897576123
1842,22.621712039274932
1843,21.678871756776132
1844,15.503347688419222
1845,10.54932184382044
1846,8.359693635706915
1847,11.446769072607184
1848,10.449221866135407
1849,12.491359914217735
1850,9.393529447107417
1851,11.995791320025042
1852,13.376339070747033
1853,10.884210715030076
1854,22.70984673463174
1855,11.530692267118274
1856,21.157286452132944
1857,26.870956635312144
1858,29.57628692855753
1859,22.70627673463174
1860,21.627445094256
1861,26.92596337555046
1862,11.029607576729948
1863,22.662161146833796
1864,11.152157658367122
1865,16.921094817524015
1866,29.593373313016375
1867,10.177419737658328
1868,38.10457534212337
1869,33.93752295143006
1870,11.51763548261614
1871,11.325211076296679
1872,38.268638963247895
1873,10.964425320227045
1874,11.564280703028144
1875,11.636168543308989
1876,9.987313025653393
1877,23.250906092190604
1878,23.050132484631742
1879,11.33049249659252
1880,10.380014442028308
1881,80.05570832275698
1882,11.717835474425458
1883,11.775290572691546
1884,9.808360130061706
1885,21.01973503383632
1886,10.354946211725416
1887,25.698742612070575
1888,10.740772711184942
1889,23.35562275885728
1890,10.302076029520073
1891,11.723108681571828
1892,22.164926734631738
1893,11.782960586249335
1894,22.966350646833796
1895,37.944816211362976
1896,33.528770741511046
1897,13.526033059937195
1898,10.246254302277421
1899,9.99326497820963
1900,20.955235033836317
1901,38.31917395921225
1902,21.170786452132944
1903,10.502026200563154
1904,32.26162443446967
1905,10.159003685102089
1906,39.44142352030292
1907,10.72450157676631
1908,11.428997254762844
1909,10.084271302130666
1910,10.110169470904566
1911,9.700415237047373
1912,10.785917806176801
1913,10.08116657671135
1914,13.348592993535991
1915,10.110498642306116
1916,10.627612000039809
1917,17.430894606479605
1918,21.589068499758657
1919,34.663458319633754
1920,11.865374992660382
1921,16.856757792779355
1922,11.189854342626084
1923,10.649174957835719
1924,26.682742984174553
1925,22.803161146833794
1926,14.747955921266719
1927,22.789211146833793
1928,11.637054704646111
1929,9.846196021159706
1930,12.125527286465719
1931,8.13004084159876
1932,22.812450646833796
1933,21.18132146060742
1934,15.814266211934857
1935,14.685457688419222
1936,11.113778174166388
1937,10.628956843726105
1938,15.43425387782916
1939,11.259832279381815
1940,12.26118394924561
1941,23.602593672440655
1942,21.636156626166418
1943,12.373122244168398
1944,10.25005308139546
1945,12.142759238367002
1946,11.499519419425372
1947,11.741028513380243
1948,22.350465401291736
1949,9.47692276955528
1950,11.108711312423942
1951,9.207550783862768
1952,10.288866884627563
1953,11.525223837268275
1954,9.166625489389993
1955,28.99525804883652
1956,11.312336948325314
1957,11.487732841007585
1958,12.845475292984883
1959,10.301991871228784
1960,23.346701847077412
1961,38.42692940649796
1962,10.695256305312766
1963,22.803161146833794
1964,10.646474957835721
1965,23.37915756493784
1966,21.213236452132946
1967,21.599568499758657
1968,24.175175219948493
1969,10.252239703629279
1970,11.426469244182691
1971,11.303591563894187
1972,11.706243510169502
1973,29.993305385912493
1974,10.276742806176802
1975,21.258749319550606
1976,32.67669110113633
1977,11.535588877086827
1978,10.67894695783572
1979,11.558981506066235
1980,22.83365587260827
1981,10.694009529520073
1982,22.9240506468338
1983,12.640838183673727
1984,10.393394529520075
1985,11.793527536465715
1986,11.629589658220443
1987,22.902900646833796
1988,13.334939671356143
1989,8.349598635706915
1990,8.740072634389994
1991,21.591768499758658
1992,17.858704434061764
1993,10.120245391329385
1994,17.88165336785832
1995,9.124747805798869
1996,34.389123024775195
1997,9.817025041049696
1998,21.622661452132945
1999,12.235881438034294
2000,22.7637111468338
2001,32.55129110113633
2002,9.782362346542717
2003,22.723211146833798
2004,12.499029249513677
2005,12.857678259170108
2006,9.950946219188104
2007,10.5224391795536
2008,24.258509791861407
2009,12.248656817090062
2010,10.343709117986059
2011,9.108820517752617
2012,11.28111715485582
2013,23.57620191505871
2014,11.05412442683394
2015,32.95773260113633
2016,22.723211146833798
2017,11.800596772274414
2018,11.77666417547777
2019,12.46545610916933
2020,11.732581755883944
2021,11.284328918148898
2022,11.743543350414988
2023,21.228116452132944
2024,11.749554472691546
2025,11.484789451323145
2026,26.907398610522986
2027,25.92588657650874
2028,11.82971204508316
2029,10.018754252475379
2030,38.24155452504935
2031,12.187769524623281
2032,11.469289451323144
2033,9.678769549182586
2034,13.837984362892279
2035,23.347522758857274
2036,12.157347889351223
2037,31.41386957836484
2038,21.40985659011613
2039,10.631166729652284
2040,11.311952363563769
2041,9.12495194441724
2042,26.58457636275915
2043,22.820111146833796
2044,12.095450983989943
2045,10.418909893373886
2046,9.972341481996775
2047,10.352438948712772
2048,37.17117588389718
2049,10.276742806176802
2050,10.100853486609513
2051,37.45939730802536
2052,11.203653994200538
2053,22.803161146833794
2054,30.674980576701465
2055,14.34859731821192
2056,23.656770401291737
2057,9.11916780579887
2058,9.149965820308857
2059,26.271878965869874
2060,22.89658173463174
2061,11.5712605623098
2062,12.589608178385546
2063,8.737967279389993
2064,21.117386452132944
2065,21.01973503383632
2066,21.76510849975866
2067,9.768545937829874
2068,10.779511928002286
2069,40.524375357284015
2070,10.576375835232401
2071,22.52569923760742
2072,8.707517279389993
2073,10.20538695274653
2074,12.227552947903142
2075,21.81225349975866
2076,29.903120512455722
2077,23.02118109219061
2078,10.045398672935796
2079,26.870956635312144
2080,30.607104008448076
2081,22.7746611468338
2082,10.363871377502395
2083,11.839763139824598
2084,12.139716916270235
2085,22.8859506468338
2086,12.762743259341772
2087,22.860611146833797
2088,9.782016549098525
2089,9.407168585275308
2090,22.566167313500465
2091,9.878080552162718
2092,22.199194237607422
2093,15.42090387782916
2094,11.990100742850995
2095,30.099084012894373
2096,21.162116452132945
2097,11.598389102679679
2098,12.85325325917011
2099,9.920900428225327
2100,11.397279314760688
2101,23.292626847077408
2102,31.21962138655733
2103,9.994813025653393
2104,21.573318499758656
2105,11.497978224913275
2106,21.32197613060742
2107,10.068401170888041
2108,12.565370552479973
2109,9.875178000941972
2110,10.45332184382044
2111,30.946759531004332
2112,29.30368695963488
2113,10.21060153949428
2114,10.615290689107706
2115,25.60960875145578
2116,22.92236470910089
2117,11.31156332647668
2118,22.665282437498867
2119,29.971131846905628
2120,12.47612634399502
2121,11.902906093194556
2122,9.75408279043973
2123,14.023991220500196
2124,9.597323255930647
2125,11.77073731874222
2126,32.66169110113633
2127,25.73654445704215
2128,31.9568388864518
2129,62.7261730085535
2130,11.526667411278334
2131,9.69772970907599
2132,21.41465659011613
2133,12.481050321253399
2134,29.453265928557528
2135,9.14108089377143
2136,21.05671145213294
2137,23.08013248463174
2138,9.990264978209632
2139,11.522134747481111
2140,24.173307184157572
2141,22.845655872608265
2142,22.662161146833796
2143,22.898906734631744
2144,22.66679673463174
2145,11.102542640729947
2146,22.767551734631738
2147,11.577136655097465
2148,15.88590917892343
2149,10.576375835232401
2150,11.59729834803239
2151,32.67879110113633
2152,14.284183456440816
2153,16.276538959221835
2154,38.34873412940347
2155,21.167216452132944
2156,13.578573768292532
2157,11.70858928250059
2158,11.502769375219291
2159,21.481885174320873
2160,8.432443635706914
2161,9.344904812290952
2162,22.330365401291736
2163,22.859653508857274
2164,18.763258684530072
2165,11.541145265917816
2166,38.30573898324958
2167,10.30699376433969
2168,10.248049189448604
2169,12.063748374497337
2170,22.848761146833795
2171,20.27712975499159
2172,28.70904269569312
2173,22.906500646833795
2174,10.167095284360796
2175,10.702800357944344
2176,22.869655872608266
2177,9.758430711182974
2178,19.72072798355181
2179,12.455204986741553
2180,12.414828442179825
2181,11.192715189393414
2182,22.396376734631737
2183,8.868321373719926
2184,22.43987673463174
2185,24.245253408694715
2186,14.231640629254816
2187,8.086504946653932
2188,10.56667333511319
2189,11.565651312309798
2190,10.037587057996053
2191,11.410985264966417
2192,10.49678415429663
2193,9.693245498549675
2194,22.796111146833795
2195,23.36155729243422
2196,23.266522758857278
2197,23.63263312947842
2198,21.76510849975866
2199,20.822232952132943
2200,10.603081773916664
2201,23.83121788934357
2202,21.252749319550603
2203,29.381242514196906
2204,11.733120090024425
2205,23.34962275885728
2206,14.924992130430915
2207,41.32201080422985
2208,10.092546271869812
2209,12.007852750858945
2210,45.89078042397538
2211,30.43124977633452
2212,12.158279713350247
2213,22.812450646833796
2214,12.096862453604171
2215,22.809611146833795
2216,11.249720333216015
2217,10.974258785619863
2218,11.63299506250015
2219,25.74364325946283
2220,28.856391992251556
2221,11.572952833796371
2222,41.46074606837114
2223,8.551301453438441
2224,9.249058920109949
2225,10.20787333727742
2226,31.48958563042374
2227,11.572145150666598
2228,29.139446373394406
2229,22.733711146833798
2230,15.42090387782916
2231,10.390232529520073
2232,9.818623284411181
2233,11.702626184235838
2234,9.094317243622616
2235,23.14163248463174
2236,13.451074496839222
2237,9.800292245620291
2238,32.58556109838114
2239,9.336138283862766
2240,32.892632601136334
2241,10.43621052427333
2242,32.656532601136334
2243,22.316245530531656
2244,9.941111683328717
2245,26.84885800570416
2246,10.622659725990852
2247,10.645942483549467
2248,13.615390702452434
2249,10.695256305312766
2250,9.49794045556288
2251,12.063076256347426
2252,12.061606750858944
2253,11.553831089935546
2254,12.010952962601976
2255,11.033329854633527
2256,28.450499390386636
2257,10.171016475731932
2258,9.339438283862766
2259,10.280446029520073
2260,10.443998529520073
2261,21.167216452132944
2262,20.828232952132947
2263,10.776680999327953
2264,22.536701734631734
2265,11.773469642237384
2266,9.909026428225328
2267,11.438878598992513
2268,11.541145265917816
2269,9.077089118741828
2270,11.196805864368159
2271,12.563169975390299
2272,9.412195485367874
2273,9.993609425653393
2274,21.01973503383632
2275,9.136550489389993
2276,9.175471687895808
2277,16.178481018437033
2278,26.54542075472415
2279,10.196304103927691
2280,10.361535013991766
2281,12.442576806540771
2282,11.255415312568914
2283,29.197862974804707
2284,10.9530737469131
2285,11.493427968703989
2286,11.782960586249335
2287,10.557352389643253
2288,10.48218193815853
2289,14.25365045911319
2290,11.733183792941313
2291,10.535287017843821
2292,11.857512050722752
2293,22.723211146833798
2294,22.533521734631737
2295,11.39586311213338
2296,22.988850646833797
2297,11.328913061799284
2298,32.91406593446967
2299,22.840500646833796
2300,11.384699536163382
2301,22.793111146833795
2302,32.75463260113633
2303,11.854232041824423
2304,10.68506100296202
2305,14.284532784329748
2306,10.08116657671135
2307,9.582544826394109
2308,22.814711146833794
2309,38.31603806998426
2310,21.658661452132943
2311,23.07452729753838
2312,13.012954208665736
2313,9.766715794643254
2314,10.117586897232796
2315,14.740238015803847
2316,18.644794531449353
2317,23.29112684707741
2318,10.059791343750977
2319,29.16906707234312
2320,11.203532134191338
2321,31.317819223364843
2322,11.874061847258067
2323,25.795406609734002
2324,11.673337309399296
2325,22.676111146833797
2326,22.793111146833795
2327,10.477678158488537
2328,33.835905307365714
2329,9.315560351805694
2330,11.707531184235837
2331,18.124962742444545
2332,8.42705089377143
2333,9.117027546763858
2334,12.692628734226794
2335,11.953795729783725
2336,14.296930457025816
2337,22.430462039274932
2338,12.852326830841498
2339,23.238171542434223
2340,10.616204529520076
2341,8.123862691273544
2342,22.751711146833795
2343,12.326685876249886
2344,10.290493764339692
2345,10.538849559636606
2346,11.089924736817387
2347,13.361570383777222
2348,10.293055362313215
2349,24.479189462974347
2350,12.072471975449421
2351,11.568437058610124
2352,17.3428350496848
2353,23.137717484631743
2354,27.972449741270474
2355,11.648439497446537
2356,25.75969701817388
2357,28.596116951548638
2358,8.347498635706915
2359,21.577351668614842
2360,10.276742806176802
2361,16.43887109856491
2362,22.9144506468338
2363,11.746387755883942
2364,13.74321476617599
2365,9.097695989389994
2366,28.349795475173963
2367,39.41982352030292
2368,8.142633691273545
2369,10.71398785792845
2370,23.045496542434222
2371,21.117386452132944
2372,22.548860382216
2373,29.502442332664444
2374,11.08659037902882
2375,12.053678280648342
2376,10.08116657671135
2377,21.757574319550606
2378,8.988507634300444
2379,10.10927881834038
2380,11.729141505883945
2381,11.742929770185977
2382,22.242356734631738
2383,29.955081846905628
2384,13.681472158578035
2385,23.436067484631742
2386,9.876987304643254
2387,11.463969244182692
2388,11.587688222534366
2389,22.671611146833797
2390,21.763488499758658
2391,10.103256510485881
2392,10.897622907322557
2393,11.475184472315775
2394,10.63636354959851
2395,28.301117354817166
2396,22.658472539274932
2397,15.42090387782916
2398,22.800311146833796
2399,12.039762858949633
2400,21.23708503383632
2401,8.789702445148496
2402,10.087756510485882
2403,12.456953428753398
2404,11.564007913745561
2405,24.173307184157572
2406,23.36155729243422
2407,23.784232825126665
2408,36.83324425349721
2409,12.479054986741556
2410,22.809450646833795
2411,11.494180022308274
2412,38.33407281260849
2413,22.778051734631738
2414,22.646111146833796
2415,16.280196247094626
2416,9.836904759381806
2417,20.516180297876883
2418,11.33772533064354
2419,29.476732976939594
2420,21.153550245390043
2421,11.654980177678947
2422,9.808360130061706
2423,10.21852914887171
2424,11.379121463934624
2425,24.456730169564132
2426,23.216695342190604
2427,11.005928589681075
2428,10.367605650355861
2429,10.011813295445664
2430,22.945950646833797
2431,8.812529945148498
2432,21.18132146060742
2433,9.339738283862767
2434,12.62316605966019
2435,10.533232856002282
2436,10.231213370029515
2437,10.830554055673023
2438,14.310658725982076
2439,15.890165943250523
2440,10.627866710995663
2441,23.060379709100893
2442,9.166625489389993
2443,12.008390208176355
2444,22.812450646833796
2445,10.404906095022891
2446,9.13116074126703
2447,10.094475647669952
2448,38.752417714118664
2449,10.62929625060095
2450,22.979632484631736
2451,21.198236452132946
2452,20.971949319550603
2453,22.342965401291735
2454,21.213236452132946
2455,14.297946133220334
2456,21.641058499758657
2457,11.793906545335119
2458,11.807123484639678
2459,9.594995766233698
2460,22.736711146833798
2461,12.451046147917161
2462,12.310654035525296
2463,12.507324978345299
2464,28.420813062189396
2465,9.779016549098525
2466,9.902900428225326
2467,11.12273844694398
2468,24.254568408694716
2469,21.213236452132946
2470,21.738858499758663
2471,10.54332896674152
2472,12.714055077088865
2473,11.654152101576546
2474,10.304473254679227
2475,38.22556872599915
2476,11.590082058610125
2477,21.663161452132943
2478,24.817963552128575
2479,9.187597809921751
2480,14.638034439040922
2481,11.720883817634945
2482,11.71895305830912
2483,26.816263597746797
2484,22.68160703927493
2485,15.78834387782916
2486,22.662161146833796
2487,10.661804525067533
2488,22.52395539459806
2489,9.616055382051545
2490,9.92775683469591
2491,43.599053633330385
2492,11.541658660559483
2493,11.743543350414988
2494,9.515823889762434
2495,30.674980576701465
2496,29.305048209602095
2497,11.950213376473089
2498,26.25160440635397
2499,25.65466201258488
2500,11.817595358184679
2501,12.206119351368134
2502,11.333260597503124
2503,14.075700450339735
2504,8.812529945148498
2505,12.763144713205953
2506,32.374291101136336
2507,21.243535033836316
2508,22.861255872608265
2509,16.471725634958222
2510,21.124736452132943
2511,22.871755872608265
2512,21.11588645213294
2513,11.2826789181489
2514,10.21104276227742
2515,10.207741073153974
2516,22.52542253927493
2517,17.58045470451985
2518,15.192322506875414
2519,11.736401467893494
2520,8.14975274477643
2521,22.54175673463174
2522,11.871777121885199
2523,10.273696029520073
2524,38.1397261890129
2525,8.835299945148497
2526,11.239989189393414
2527,15.503347688419222
2528,11.943364414700577
2529,23.31535184707741
2530,32.56989110113633
2531,16.503375196002764
2532,8.320002316093545
2533,21.212133499758657
2534,43.48215598425265
2535,13.972090355992279
2536,32.70939110113633
2537,8.594807279389993
2538,23.266522758857278
2539,11.540891300750774
2540,10.728155219157916
2541,38.40535539256225
2542,23.336726847077408
2543,11.75487496754467
2544,27.99706702067396
2545,21.173216452132944
2546,12.700027559660189
2547,22.694711146833797
2548,12.078848924992947
2549,22.151833487143353
2550,21.210204120181892
2551,25.631810316264826
2552,21.52964359011613
2553,25.70719701817388
2554,22.68886540129174
2555,28.850391992251552
2556,29.491885264946397
2557,10.375424529520075
2558,11.011401926818046
2559,10.657364957835721
2560,22.734268872608265
2561,38.22466352937211
2562,21.717528499758657
2563,10.402193269589102
2564,10.034111356737883
2565,10.942916914898944
2566,21.97081999975866
2567,12.168727915807867
2568,12.332945872835094
2569,15.762656804357103
2570,9.406481960417807
2571,12.092176313924007
2572,13.537381392553751
2573,22.69810703927493
2574,10.75265302793848
2575,10.401789180610203
2576,22.83365587260827
2577,29.286587313022537
2578,30.41258401289437
2579,10.37200444202831
2580,10.685350457835721
2581,10.276742806176802
2582,22.7457111468338
2583,21.157286452132944
2584,10.634707052215969
2585,11.658112959903942
2586,21.76510849975866
2587,10.357321029520074
2588,29.871270370895363
2589,21.959752785472944
2590,10.516036604710436
2591,22.623600360052947
2592,11.86067097483838
2593,9.780885275061706
2594,12.774308259170109
2595,29.502442332664444
2596,21.213236452132946
2597,26.174184942057018
2598,9.494237485367876
2599,11.558024391953019
2600,10.548459811238075
2601,10.409197586738948
2602,10.446371866135404
2603,22.95122275885727
2604,11.871541265529004
2605,12.234203655180448
2606,25.75018481317388
2607,20.34649159248842
2608,10.016782921513594
2609,10.094714249580171
2610,9.872753586008695
2611,28.936612164014146
2612,9.449391053312874
2613,13.125159227544628
2614,11.351764704233648
2615,11.989833769833092
2616,22.76420673463174
2617,25.471899191598574
2618,26.137598685312145
2619,24.130639773726944
2620,12.977195259726795
2621,23.04179673463174
2622,10.469369136701857
2623,10.05609297153957
2624,46.63238075228439
2625,22.821655872608265
2626,9.920900428225327
2627,23.0227506468338
2628,33.005489424161226
2629,32.70939110113633
2630,34.280952948086565
2631,10.121081596139506
2632,12.527466147455277
2633,9.81835267106118
2634,10.244703764339693
2635,22.812718872608265
2636,13.267268890067761
2637,11.666308030649839
2638,11.377998741257692
2639,26.301897135312146
2640,22.881611146833798
2641,10.90442986265949
2642,11.18153587167586
2643,9.29070774085255
2644,11.868636763520094
2645,11.459682231688017
2646,11.56050114709255
2647,22.87722040129174
2648,11.739793350414988
2649,22.467356734631736
2650,9.380455618302863
2651,9.252242413654745
2652,11.280026585288253
2653,11.428775066446125
2654,10.776040843383829
2655,10.495289112006803
2656,10.096337995009518
2657,21.26843503383632
2658,11.509478724915535
2659,9.800475800159447
2660,11.233486573352156
2661,27.38491838663235
2662,20.955235033836317
2663,21.19338389060742
2664,10.72280712390331
2665,22.051369999758663
2666,11.5255023123098
2667,12.71487184746005
2668,11.771135289376222
2669,9.56913182639411
2670,27.04744537555046
2671,22.963350646833796
2672,17.20473755343443
2673,10.648197112110704
2674,9.686403759708902
2675,11.249202288155557
2676,15.23302993374776
2677,22.912950646833796
2678,10.11675936129761
2679,22.371465401291736
2680,21.248035033836317
2681,23.44245756493784
2682,11.378295180754511
2683,11.955497588665956
2684,25.92588657650874
2685,23.22340184707741
2686,12.323462076249886
2687,22.682170984493393
2688,23.626657564937837
2689,11.673187428396222
2690,21.607072785472944
2691,10.779511928002286
2692,24.596814219080564
2693,9.26175774085255
2694,10.300074027484708
2695,22.678211146833796
2696,9.9313351377841
2697,17.524673061092948
2698,21.18132146060742
2699,12.22316547753277
2700,11.689948113273275
2701,9.800052671061183
2702,32.82347685113633
2703,11.104259367360399
2704,22.7061111468338
2705,11.869988161687841
2706,11.924311992101499
2707,9.442633992052185
2708,12.213611324599887
2709,11.750192821305593
2710,11.473858519976575
2711,12.292074187597754
2712,10.141595018935554
2713,11.672504955808943
2714,11.973404043198222
2715,16.050759492489874
2716,11.609403134853334
2717,14.075482961347372
2718,11.196653619051085
2719,14.411399331202688
2720,10.614704529520075
2721,37.750772315615954
2722,22.960920401291737
2723,39.26889928706914
2724,22.8844506468338
2725,9.68367739205151
2726,11.204495422897239
2727,12.131804987595558
2728,14.662543849521686
2729,21.258749319550606
2730,22.759603508857275
2731,11.274256052536085
2732,24.50953016956413
2733,32.419124434469666
2734,23.22257684707741
2735,11.234788071974535
2736,12.37774637109241
2737,10.647374957835721
2738,32.27221593446966
